{
  "en": {
    "n_samples": 50000,
    "n_samples_raw": 121227,
    "accuracy": 0.88174,
    "precision": 0.857073371496988,
    "recall": 0.91628,
    "f1_score": 0.885688325246003,
    "roc_auc": 0.9491096055999999,
    "confusion_matrix": [
      [
        21180,
        3820
      ],
      [
        2093,
        22907
      ]
    ]
  },
  "zh": {
    "n_samples": 25373,
    "n_samples_raw": 25373,
    "accuracy": 0.8750640444567059,
    "precision": 0.6972407846518647,
    "recall": 0.9471449487554905,
    "f1_score": 0.803203377203874,
    "roc_auc": 0.9709211244111565,
    "confusion_matrix": [
      [
        15734,
        2809
      ],
      [
        361,
        6469
      ]
    ]
  },
  "all": {
    "n_samples": 50000,
    "n_samples_raw": 195432,
    "accuracy": 0.88262,
    "precision": 0.8590518373934912,
    "recall": 0.91544,
    "f1_score": 0.8863499932224396,
    "roc_auc": 0.9491343072,
    "confusion_matrix": [
      [
        21245,
        3755
      ],
      [
        2114,
        22886
      ]
    ]
  }
}