{
  "en": {
    "n_samples": 948,
    "n_valid": 946,
    "n_clusters": 38,
    "ari": 0.874598178950646,
    "nmi": 0.876623660754983,
    "bcubed_precision": 0.8147714424120762,
    "bcubed_recall": 0.889782995192556,
    "bcubed_f1": 0.8506267191390593
  },
  "zh": {
    "n_samples": 471,
    "n_valid": 468,
    "n_clusters": 45,
    "ari": 0.7140381757784947,
    "nmi": 0.8983689780653225,
    "bcubed_precision": 0.8139996114996119,
    "bcubed_recall": 0.8098165007537251,
    "bcubed_f1": 0.8119026680733722
  },
  "all": {
    "n_samples": 1419,
    "n_valid": 1414,
    "n_clusters": 82,
    "ari": 0.8755329230088695,
    "nmi": 0.9051705151058661,
    "bcubed_precision": 0.8077267345853221,
    "bcubed_recall": 0.8633160083485891,
    "bcubed_f1": 0.834596748990782
  }
}