{
  "stage1": {
    "accuracy": 0.92046,
    "precision": 0.924724231282072,
    "recall": 0.91544,
    "f1_score": 0.9200586946471286,
    "roc_auc": 0.974363636,
    "confusion_matrix": [
      [
        23137,
        1863
      ],
      [
        2114,
        22886
      ]
    ]
  },
  "stage1_per_language": {
    "en": {
      "n_samples": 50000,
      "n_samples_raw": 121227,
      "accuracy": 0.88174,
      "precision": 0.857073371496988,
      "recall": 0.91628,
      "f1_score": 0.885688325246003,
      "roc_auc": 0.9491096055999999,
      "confusion_matrix": [
        [
          21180,
          3820
        ],
        [
          2093,
          22907
        ]
      ]
    },
    "zh": {
      "n_samples": 25373,
      "n_samples_raw": 25373,
      "accuracy": 0.8750640444567059,
      "precision": 0.6972407846518647,
      "recall": 0.9471449487554905,
      "f1_score": 0.803203377203874,
      "roc_auc": 0.9709211244111565,
      "confusion_matrix": [
        [
          15734,
          2809
        ],
        [
          361,
          6469
        ]
      ]
    },
    "all": {
      "n_samples": 50000,
      "n_samples_raw": 195432,
      "accuracy": 0.88262,
      "precision": 0.8590518373934912,
      "recall": 0.91544,
      "f1_score": 0.8863499932224396,
      "roc_auc": 0.9491343072,
      "confusion_matrix": [
        [
          21245,
          3755
        ],
        [
          2114,
          22886
        ]
      ]
    }
  },
  "stage2": {
    "ari": 0.8755329230088695,
    "nmi": 0.9051705151058661,
    "bcubed_precision": 0.8077267345853221,
    "bcubed_recall": 0.8633160083485891,
    "bcubed_f1": 0.834596748990782
  },
  "stage2_per_language": {
    "en": {
      "n_samples": 948,
      "n_valid": 946,
      "n_clusters": 38,
      "ari": 0.874598178950646,
      "nmi": 0.876623660754983,
      "bcubed_precision": 0.8147714424120762,
      "bcubed_recall": 0.889782995192556,
      "bcubed_f1": 0.8506267191390593
    },
    "zh": {
      "n_samples": 471,
      "n_valid": 468,
      "n_clusters": 45,
      "ari": 0.7140381757784947,
      "nmi": 0.8983689780653225,
      "bcubed_precision": 0.8139996114996119,
      "bcubed_recall": 0.8098165007537251,
      "bcubed_f1": 0.8119026680733722
    },
    "all": {
      "n_samples": 1419,
      "n_valid": 1414,
      "n_clusters": 82,
      "ari": 0.8755329230088695,
      "nmi": 0.9051705151058661,
      "bcubed_precision": 0.8077267345853221,
      "bcubed_recall": 0.8633160083485891,
      "bcubed_f1": 0.834596748990782
    }
  },
  "stage3": {
    "accuracy": 0.275251189846642,
    "macro_f1": 0.15269582997462708,
    "weighted_f1": 0.1813744057401438
  }
}